bnumber,MDS42_deleted,MDS69_deleted
b0001,0,0
b0002,0,0
b0003,0,0
b0004,0,0
b0005,0,0
b0006,0,0
b0007,0,0
b0008,0,0
b0009,0,0
b0010,0,0
b0011,0,0
b0013,0,0
b0014,0,0
b0015,0,0
b0016,1,1
b0018,1,1
b0019,1,1
b0020,1,1
b0021,1,1
b0022,1,1
b0023,0,0
b0024,0,0
b0025,0,0
b0026,0,0
b0027,0,0
b0028,0,0
b0029,0,0
b0030,0,0
b0031,0,0
b0032,0,0
b0033,0,0
b0034,0,0
b0035,0,0
b0036,0,0
b0037,0,0
b0038,0,0
b0039,0,0
b0040,0,0
b0041,0,0
b0042,0,0
b0043,0,0
b0044,0,0
b0045,0,0
b0046,0,0
b0047,0,0
b0048,0,0
b0049,0,0
b0050,0,0
b0051,0,0
b0052,0,0
b0053,0,0
b0054,0,0
b0055,0,0
b0058,0,0
b0059,0,0
b0060,0,0
b0061,0,0
b0062,0,0
b0063,0,0
b0064,0,0
b0065,0,0
b0066,0,0
b0067,0,0
b0068,0,0
b0069,0,0
b0070,0,0
b0071,0,0
b0072,0,0
b0073,0,0
b0074,0,0
b0075,0,0
b0076,0,0
b0077,0,0
b0078,0,0
b0080,0,0
b0081,0,0
b0082,0,0
b0083,0,0
b0084,0,0
b0085,0,0
b0086,0,0
b0087,0,0
b0088,0,0
b0089,0,0
b0090,0,0
b0091,0,0
b0092,0,0
b0093,0,0
b0094,0,0
b0095,0,0
b0096,0,0
b0097,0,0
b0098,0,0
b0099,0,0
b0101,0,0
b0102,0,0
b0103,0,0
b0104,0,0
b0106,0,0
b0107,0,0
b0108,0,0
b0109,0,0
b0110,0,0
b0111,0,0
b0112,0,0
b0113,0,0
b0114,0,0
b0115,0,0
b0116,0,0
b0117,0,0
b0118,0,0
b0119,0,0
b0120,0,0
b0121,0,0
b0122,0,0
b0123,0,0
b0124,0,0
b0125,0,0
b0126,0,0
b0127,0,0
b0128,0,0
b0129,0,0
b0130,0,0
b0131,0,0
b0132,0,0
b0133,0,0
b0134,0,0
b0135,0,0
b0136,0,0
b0137,0,0
b0138,0,0
b0139,0,0
b0140,0,0
b0141,0,0
b0142,0,0
b0143,0,0
b0144,0,0
b0145,0,0
b0146,0,0
b0147,0,0
b0148,0,0
b0149,0,0
b0150,1,1
b0151,1,1
b0152,1,1
b0153,1,1
b0154,0,0
b0155,0,0
b0156,0,0
b0157,0,0
b0158,0,0
b0159,0,0
b0160,0,0
b0161,0,0
b0162,0,0
b0163,0,0
b0164,0,0
b0166,0,0
b0167,0,0
b0168,0,0
b0169,0,0
b0170,0,0
b0171,0,0
b0172,0,0
b0173,0,0
b0174,0,0
b0175,0,0
b0176,0,0
b0177,0,0
b0178,0,0
b0179,0,0
b0180,0,0
b0181,0,0
b0182,0,0
b0183,0,0
b0184,0,0
b0185,0,0
b0186,0,0
b0187,0,0
b0188,0,0
b0189,0,0
b0190,0,0
b0191,0,0
b0192,0,0
b0193,0,0
b0194,0,0
b0195,0,0
b0196,0,0
b0197,0,0
b0198,0,0
b0199,0,0
b0200,0,0
b0201,0,0
b0202,0,0
b0203,0,0
b0204,0,0
b0205,0,0
b0206,0,0
b0207,0,0
b0208,0,0
b0209,0,0
b0210,0,0
b0211,0,0
b0212,0,0
b0213,0,0
b0214,0,0
b0215,0,0
b0216,0,0
b0217,0,0
b0218,0,0
b0219,0,0
b0220,0,0
b0221,0,0
b0222,0,0
b0223,0,0
b0224,0,0
b0225,0,0
b0226,0,1
b0227,0,1
b0228,0,1
b0229,0,1
b0230,0,1
b0231,0,1
b0232,0,1
b0233,0,1
b0234,0,1
b0235,0,0
b0236,0,0
b0237,0,0
b0238,0,0
b0239,0,0
b0240,0,0
b0241,0,0
b0242,0,0
b0243,0,0
b0244,0,0
b0245,1,1
b0246,1,1
b0247,1,1
b0248,1,1
b0249,1,1
b0250,1,1
b0251,1,1
b0252,1,1
b0253,1,1
b0254,1,1
b0256,1,1
b0258,1,1
b0259,1,1
b0260,1,1
b0261,1,1
b0262,1,1
b0263,1,1
b0264,1,1
b0265,1,1
b0266,1,1
b0267,1,1
b0268,1,1
b0269,1,1
b0270,1,1
b0271,1,1
b0272,1,1
b0273,1,1
b0274,1,1
b0275,1,1
b0276,1,1
b0277,1,1
b0278,1,1
b0279,1,1
b0280,1,1
b0281,1,1
b0283,1,1
b0284,1,1
b0285,1,1
b0286,1,1
b0287,1,1
b0288,1,1
b0289,1,1
b0290,1,1
b0291,1,1
b0292,1,1
b0293,1,1
b0294,1,1
b0295,1,1
b0296,1,1
b0297,1,1
b0298,1,1
b0299,1,1
b0300,1,1
b0301,1,1
b0303,1,1
b0304,1,1
b0305,1,1
b0306,1,1
b0307,1,1
b0308,1,1
b0310,1,1
b0311,0,0
b0312,0,0
b0313,0,0
b0314,0,0
b0315,0,1
b0316,0,1
b0317,0,1
b0318,0,1
b0319,0,1
b0320,0,1
b0321,0,1
b0323,0,1
b0324,0,1
b0325,0,1
b0326,0,1
b0327,0,1
b0328,0,1
b0329,0,1
b0330,0,1
b0331,0,1
b0333,0,1
b0334,0,1
b0335,0,1
b0336,0,1
b0337,0,1
b0338,0,1
b0339,0,1
b0340,0,1
b0341,0,1
b0342,0,1
b0343,0,1
b0344,0,1
b0345,0,1
b0346,0,1
b0347,0,1
b0348,0,1
b0349,0,1
b0350,0,1
b0351,0,1
b0352,0,1
b0353,0,1
b0354,0,1
b0355,0,0
b0356,0,0
b0357,0,0
b0358,1,1
b0360,1,1
b0361,1,1
b0363,1,1
b0364,1,1
b0365,1,1
b0366,1,1
b0367,1,1
b0368,1,1
b0369,0,0
b0372,1,1
b0373,1,1
b0375,1,1
b0376,1,1
b0377,1,1
b0378,1,1
b0379,1,1
b0380,1,1
b0381,0,0
b0382,0,0
b0383,0,0
b0384,0,0
b0385,0,0
b0386,0,0
b0387,0,0
b0388,0,0
b0389,0,0
b0390,0,0
b0391,0,0
b0392,0,0
b0393,0,0
b0394,0,0
b0396,0,0
b0397,0,0
b0398,0,0
b0399,0,0
b0400,0,0
b0401,0,0
b0402,0,0
b0403,0,0
b0404,0,0
b0405,0,0
b0406,0,0
b0407,0,0
b0408,0,0
b0409,0,0
b0410,0,0
b0411,0,0
b0412,0,0
b0413,0,0
b0414,0,0
b0415,0,0
b0416,0,0
b0417,0,0
b0418,0,0
b0419,0,0
b0420,0,0
b0421,0,0
b0422,0,0
b0423,0,0
b0424,0,0
b0425,0,0
b0426,0,0
b0427,0,0
b0428,0,0
b0429,0,0
b0430,0,0
b0431,0,0
b0432,0,0
b0433,0,0
b0434,0,0
b0435,0,0
b0436,0,0
b0437,0,0
b0438,0,0
b0439,0,0
b0440,0,0
b0441,0,0
b0442,0,0
b0443,0,0
b0444,0,0
b0445,0,0
b0446,0,0
b0447,0,0
b0448,0,0
b0449,0,0
b0450,0,0
b0451,0,0
b0452,0,0
b0453,0,0
b0454,0,0
b0455,0,0
b0456,0,0
b0457,0,0
b0458,0,0
b0459,0,0
b0460,0,0
b0461,0,0
b0462,0,0
b0463,0,0
b0464,0,0
b0465,0,0
b0466,0,0
b0467,0,0
b0468,0,0
b0469,0,0
b0470,0,0
b0471,0,0
b0472,0,0
b0473,0,0
b0474,0,0
b0475,0,0
b0476,0,0
b0477,0,0
b0478,0,0
b0479,0,0
b0480,0,0
b0481,0,0
b0482,0,0
b0483,0,0
b0484,0,0
b0485,0,0
b0486,0,0
b0487,0,0
b0488,0,1
b0489,0,1
b0490,0,1
b0491,0,1
b0492,0,1
b0493,0,1
b0494,0,1
b0495,0,1
b0496,0,1
b0497,1,1
b0498,1,1
b0499,1,1
b0501,1,1
b0502,1,1
b0503,0,0
b0504,0,0
b0505,0,0
b0506,0,0
b0507,0,0
b0508,0,0
b0509,0,0
b0511,0,0
b0512,0,0
b0513,0,0
b0514,0,0
b0515,0,0
b0516,0,0
b0517,0,0
b0518,0,0
b0520,0,0
b0521,0,0
b0522,0,0
b0523,0,0
b0524,0,0
b0525,0,0
b0526,0,0
b0527,0,0
b0528,0,0
b0529,0,0
b0530,0,0
b0531,0,0
b0532,0,0
b0533,0,0
b0534,0,0
b0535,0,0
b0536,0,0
b0537,1,1
b0539,1,1
b0540,1,1
b0541,1,1
b0542,1,1
b0543,1,1
b0544,1,1
b0545,1,1
b0546,1,1
b0547,1,1
b0548,1,1
b0549,1,1
b0550,1,1
b0551,1,1
b0552,1,1
b0553,1,1
b0554,1,1
b0555,1,1
b0556,1,1
b0557,1,1
b0558,1,1
b0559,1,1
b0560,1,1
b0561,1,1
b0562,1,1
b0563,1,1
b0564,1,1
b0565,1,1
b0566,0,1
b0567,0,1
b0568,0,1
b0569,0,1
b0570,0,1
b0571,0,1
b0572,0,1
b0573,0,1
b0574,0,1
b0575,0,1
b0576,0,0
b0577,1,1
b0578,1,1
b0579,1,1
b0580,1,1
b0581,1,1
b0582,1,1
b0583,0,0
b0584,0,0
b0585,0,0
b0586,0,0
b0587,0,0
b0588,0,0
b0589,0,0
b0590,0,0
b0591,0,0
b0592,0,0
b0593,0,0
b0594,0,0
b0595,0,0
b0596,0,0
b0597,0,0
b0598,0,0
b0599,0,0
b0600,0,0
b0601,0,0
b0602,0,0
b0603,0,0
b0604,0,0
b0605,0,0
b0606,0,0
b0607,0,0
b0608,0,0
b0610,0,0
b0611,0,1
b0612,0,0
b0613,0,0
b0614,0,0
b0615,0,0
b0616,0,0
b0617,0,0
b0618,0,0
b0619,0,0
b0620,0,0
b0621,0,0
b0622,0,0
b0623,0,0
b0624,0,0
b0627,0,0
b0628,0,0
b0629,0,0
b0630,0,0
b0631,0,0
b0632,0,0
b0633,0,0
b0634,0,0
b0635,0,0
b0636,0,0
b0637,0,0
b0638,0,0
b0639,0,0
b0640,0,0
b0641,0,0
b0642,0,0
b0643,0,0
b0644,0,1
b0645,0,1
b0646,0,1
b0647,0,1
b0648,0,1
b0649,0,1
b0650,0,1
b0651,0,0
b0652,0,0
b0653,0,0
b0654,0,0
b0655,0,0
b0656,1,1
b0657,0,0
b0658,0,0
b0659,0,0
b0660,0,0
b0661,0,0
b0662,0,0
b0664,0,0
b0665,0,0
b0666,0,0
b0668,0,0
b0670,0,0
b0672,0,0
b0673,0,0
b0674,0,0
b0675,0,0
b0676,0,0
b0677,0,0
b0678,0,0
b0679,0,0
b0680,0,0
b0681,0,0
b0682,0,0
b0683,0,0
b0684,0,0
b0685,0,0
b0686,0,0
b0687,0,0
b0688,0,0
b0689,0,0
b0691,0,0
b0692,0,0
b0693,0,0
b0694,0,0
b0695,0,0
b0696,0,0
b0697,0,0
b0698,0,0
b0699,0,0
b0700,1,1
b0702,1,1
b0703,1,1
b0704,1,1
b0705,1,1
b0706,1,1
b0707,0,0
b0708,0,0
b0709,0,0
b0710,0,0
b0711,0,0
b0712,0,0
b0713,0,0
b0714,0,0
b0715,0,0
b0716,0,0
b0717,0,0
b0718,0,0
b0719,0,0
b0720,0,0
b0721,0,0
b0722,0,0
b0723,0,0
b0724,0,0
b0726,0,0
b0727,0,0
b0728,0,0
b0729,0,0
b0730,0,1
b0731,0,1
b0732,0,1
b0733,0,0
b0734,0,0
b0735,0,0
b0736,0,0
b0737,0,0
b0738,0,0
b0739,0,0
b0740,0,0
b0741,0,0
b0742,0,0
b0743,0,0
b0744,0,0
b0745,0,0
b0746,0,0
b0747,0,0
b0748,0,0
b0749,0,0
b0750,0,0
b0751,0,0
b0752,0,0
b0753,0,0
b0754,0,0
b0755,0,0
b0756,0,0
b0757,0,0
b0758,0,0
b0759,0,0
b0760,0,0
b0761,0,0
b0762,0,0
b0763,0,0
b0764,0,0
b0765,0,0
b0766,0,0
b0767,0,0
b0768,0,0
b0769,0,0
b0770,0,0
b0771,0,0
b0772,0,0
b0773,0,0
b0774,0,0
b0775,0,0
b0776,0,0
b0777,0,0
b0778,0,0
b0779,0,0
b0780,0,0
b0781,0,0
b0782,0,0
b0783,0,0
b0784,0,0
b0785,0,0
b0786,0,0
b0787,0,0
b0788,0,0
b0789,0,0
b0790,0,0
b0791,0,0
b0792,0,0
b0793,0,0
b0794,0,0
b0795,0,0
b0796,0,0
b0797,0,0
b0798,0,0
b0799,0,0
b0800,0,0
b0801,0,0
b0802,0,0
b0803,0,0
b0804,0,0
b0805,0,0
b0806,0,0
b0807,0,0
b0808,0,0
b0809,0,0
b0810,0,0
b0811,0,0
b0812,0,0
b0813,0,0
b0814,0,0
b0815,0,0
b0817,0,0
b0818,0,0
b0819,0,0
b0820,0,0
b0821,0,0
b0822,0,0
b0823,0,0
b0824,0,0
b0825,0,0
b0826,0,0
b0827,0,0
b0828,0,0
b0829,0,0
b0830,0,0
b0831,0,0
b0832,0,0
b0833,0,0
b0834,0,0
b0835,0,0
b0836,0,0
b0837,0,0
b0838,0,0
b0839,0,1
b0840,0,0
b0841,0,0
b0842,0,0
b0843,0,0
b0844,0,0
b0845,0,0
b0846,0,0
b0847,0,0
b0848,0,0
b0849,0,0
b0850,0,0
b0851,0,0
b0852,0,0
b0853,0,0
b0854,0,0
b0855,0,0
b0856,0,0
b0857,0,0
b0858,0,0
b0859,0,0
b0860,0,0
b0861,0,0
b0862,0,0
b0863,0,0
b0864,0,0
b0865,0,0
b0866,0,0
b0867,0,0
b0868,0,0
b0869,0,0
b0870,0,0
b0871,0,0
b0872,0,0
b0873,0,0
b0874,0,0
b0875,0,0
b0876,0,0
b0877,0,0
b0878,0,0
b0879,0,0
b0880,0,0
b0881,0,0
b0882,0,0
b0883,0,0
b0884,0,0
b0885,0,0
b0886,0,0
b0887,0,0
b0888,0,0
b0889,0,0
b0890,0,0
b0891,0,0
b0892,0,0
b0893,0,0
b0894,0,0
b0895,0,0
b0896,0,0
b0897,0,0
b0898,0,0
b0899,0,0
b0900,0,0
b0901,0,0
b0902,0,0
b0903,0,0
b0904,0,0
b0905,0,0
b0906,0,0
b0907,0,0
b0908,0,0
b0909,0,0
b0910,0,0
b0911,0,0
b0912,0,0
b0913,0,0
b0914,0,0
b0915,0,0
b0916,0,0
b0917,0,0
b0918,0,0
b0919,0,0
b0920,0,0
b0921,0,0
b0922,0,0
b0923,0,0
b0924,0,0
b0925,0,0
b0926,0,0
b0927,0,0
b0928,0,0
b0929,0,0
b0930,0,0
b0931,0,0
b0932,0,0
b0933,0,0
b0934,0,0
b0935,0,0
b0936,0,0
b0937,0,0
b0938,0,0
b0939,0,0
b0940,0,0
b0941,0,0
b0942,0,0
b0943,0,0
b0944,0,0
b0945,0,0
b0946,0,0
b0947,0,0
b0948,0,0
b0949,0,0
b0950,0,0
b0951,0,0
b0952,0,0
b0953,0,0
b0954,0,0
b0955,0,0
b0956,0,0
b0957,0,0
b0958,0,0
b0959,0,0
b0960,0,0
b0961,0,0
b0962,0,0
b0963,0,0
b0964,0,0
b0965,0,0
b0966,0,0
b0967,0,0
b0968,0,0
b0969,0,0
b0970,0,0
b0971,0,0
b0972,0,0
b0973,0,0
b0974,0,0
b0975,0,0
b0976,0,0
b0977,0,0
b0978,0,0
b0979,0,0
b0980,0,0
b0981,1,1
b0982,1,1
b0983,1,1
b0984,1,1
b0985,1,1
b0986,1,1
b0987,1,1
b0988,1,1
b0989,0,0
b0990,0,0
b0991,0,0
b0992,0,0
b0993,0,0
b0994,0,0
b0995,0,0
b0996,0,0
b0997,0,0
b0998,0,0
b0999,0,0
b1000,0,0
b1001,0,0
b1002,0,0
b1003,0,0
b1004,0,0
b1006,0,0
b1007,0,0
b1008,0,0
b1009,0,0
b1010,0,0
b1011,0,0
b1012,0,0
b1013,0,0
b1014,0,0
b1015,0,0
b1018,0,0
b1019,0,0
b1020,0,0
b1021,1,1
b1022,1,1
b1023,1,1
b1024,1,1
b1025,1,1
b1026,1,1
b1027,1,1
b1028,1,1
b1029,1,1
b1032,0,0
b1033,0,0
b1034,0,0
b1035,0,0
b1036,0,0
b1037,0,1
b1038,0,1
b1039,0,1
b1040,0,1
b1041,0,1
b1042,0,1
b1043,0,1
b1044,0,0
b1045,0,0
b1046,0,0
b1047,0,0
b1048,0,0
b1049,0,0
b1050,0,0
b1051,0,0
b1053,0,0
b1054,0,0
b1055,0,0
b1056,0,0
b1057,0,0
b1058,0,0
b1059,0,0
b1060,0,0
b1061,0,0
b1062,0,0
b1063,0,0
b1064,0,0
b1065,0,0
b1066,0,0
b1067,0,0
b1068,0,0
b1069,0,0
b1070,1,1
b1071,1,1
b1072,1,1
b1073,1,1
b1074,1,1
b1075,1,1
b1076,1,1
b1077,1,1
b1078,1,1
b1079,1,1
b1080,1,1
b1081,1,1
b1082,1,1
b1083,1,1
b1084,0,0
b1085,0,0
b1086,0,0
b1087,0,0
b1088,0,0
b1089,0,0
b1090,0,0
b1091,0,0
b1092,0,0
b1093,0,0
b1094,0,0
b1095,0,0
b1096,0,0
b1097,0,0
b1098,0,0
b1099,0,0
b1100,0,0
b1101,0,0
b1102,0,0
b1103,0,0
b1104,0,0
b1105,0,0
b1106,0,0
b1107,0,0
b1108,0,0
b1109,0,0
b1110,0,0
b1111,0,0
b1112,0,0
b1113,0,0
b1114,0,0
b1115,0,0
b1116,0,0
b1117,0,0
b1118,0,0
b1119,0,0
b1120,0,0
b1121,0,0
b1122,0,0
b1123,0,0
b1124,0,0
b1125,0,0
b1126,0,0
b1127,0,0
b1128,0,0
b1129,0,0
b1130,0,0
b1131,0,0
b1132,0,0
b1133,0,0
b1134,0,0
b1135,0,0
b1136,0,0
b1137,1,1
b1138,1,1
b1139,1,1
b1140,1,1
b1141,1,1
b1143,1,1
b1144,1,1
b1145,1,1
b1146,1,1
b1147,1,1
b1148,1,1
b1150,1,1
b1151,1,1
b1152,1,1
b1153,1,1
b1154,1,1
b1155,1,1
b1156,1,1
b1157,1,1
b1158,1,1
b1159,1,1
b1160,1,1
b1161,1,1
b1162,1,1
b1163,1,1
b1164,1,1
b1165,1,1
b1166,1,1
b1167,1,1
b1168,1,1
b1171,1,1
b1172,1,1
b1174,0,0
b1175,0,0
b1176,0,0
b1177,0,0
b1178,0,0
b1179,0,0
b1180,0,0
b1181,0,0
b1182,0,0
b1183,0,0
b1184,0,0
b1185,0,0
b1186,0,0
b1187,0,0
b1188,0,0
b1189,0,0
b1190,0,0
b1191,0,0
b1192,0,0
b1193,0,0
b1194,0,0
b1195,0,0
b1196,0,0
b1197,0,0
b1198,0,0
b1199,0,0
b1200,0,0
b1201,0,0
b1202,0,1
b1203,0,0
b1204,0,0
b1205,0,0
b1206,0,0
b1207,0,0
b1208,0,0
b1209,0,0
b1210,0,0
b1211,0,0
b1212,0,0
b1213,0,0
b1214,0,0
b1215,0,0
b1216,0,0
b1217,0,0
b1218,0,0
b1219,0,0
b1220,0,0
b1221,0,0
b1222,0,0
b1223,0,0
b1224,0,0
b1225,0,0
b1226,0,0
b1227,0,0
b1229,0,0
b1230,0,0
b1231,0,0
b1232,0,0
b1233,0,0
b1234,0,0
b1235,0,0
b1236,0,0
b1237,0,0
b1238,0,0
b1241,0,0
b1242,0,0
b1243,0,0
b1244,0,0
b1245,0,0
b1246,0,0
b1247,0,0
b1248,0,0
b1249,0,0
b1250,0,0
b1251,0,0
b1252,0,0
b1253,0,0
b1254,0,0
b1255,0,0
b1256,0,0
b1257,0,0
b1258,0,0
b1259,0,0
b1260,0,0
b1261,0,0
b1262,0,0
b1263,0,0
b1264,0,0
b1265,0,0
b1266,0,0
b1267,0,0
b1268,0,0
b1269,0,0
b1270,0,0
b1271,0,0
b1272,0,0
b1273,0,0
b1274,0,0
b1275,0,0
b1276,0,0
b1277,0,0
b1278,0,0
b1279,0,0
b1280,0,0
b1281,0,0
b1282,0,0
b1283,0,0
b1284,0,0
b1285,0,0
b1286,0,0
b1287,0,0
b1288,0,0
b1289,0,0
b1290,0,0
b1291,0,0
b1292,0,0
b1293,0,0
b1294,0,0
b1295,0,0
b1296,0,0
b1297,0,0
b1298,0,0
b1299,0,0
b1300,0,0
b1301,0,0
b1302,0,0
b1303,0,0
b1304,0,0
b1305,0,0
b1306,0,0
b1307,0,0
b1308,0,0
b1309,0,0
b1310,0,0
b1311,0,0
b1312,0,0
b1313,0,0
b1314,0,0
b1315,0,0
b1316,0,0
b1317,0,0
b1319,0,0
b1320,0,0
b1321,0,0
b1322,0,0
b1323,0,0
b1324,0,0
b1325,1,1
b1326,1,1
b1327,1,1
b1328,1,1
b1329,1,1
b1330,1,1
b1331,1,1
b1332,1,1
b1333,1,1
b1334,0,0
b1335,0,0
b1336,1,1
b1337,1,1
b1338,1,1
b1339,1,1
b1340,1,1
b1341,1,1
b1342,1,1
b1343,1,1
b1344,1,1
b1345,1,1
b1346,1,1
b1347,1,1
b1348,1,1
b1349,1,1
b1350,1,1
b1351,1,1
b1352,1,1
b1353,1,1
b1355,1,1
b1356,1,1
b1357,1,1
b1358,1,1
b1359,1,1
b1360,1,1
b1361,1,1
b1362,1,1
b1363,1,1
b1365,1,1
b1366,1,1
b1368,1,1
b1370,1,1
b1372,1,1
b1373,1,1
b1374,1,1
b1375,1,1
b1376,1,1
b1377,1,1
b1378,1,1
b1379,1,1
b1380,1,1
b1381,1,1
b1382,1,1
b1383,1,1
b1384,1,1
b1385,1,1
b1386,1,1
b1387,1,1
b1388,1,1
b1389,1,1
b1390,1,1
b1391,1,1
b1392,1,1
b1393,1,1
b1394,1,1
b1395,1,1
b1396,1,1
b1397,1,1
b1398,1,1
b1399,1,1
b1400,1,1
b1402,1,1
b1403,1,1
b1404,1,1
b1406,1,1
b1407,1,1
b1408,1,1
b1409,1,1
b1410,1,1
b1411,1,1
b1412,0,0
b1413,0,0
b1414,0,0
b1415,0,0
b1418,0,0
b1419,0,0
b1420,0,0
b1421,0,0
b1422,0,0
b1423,0,0
b1424,0,0
b1426,0,0
b1427,0,0
b1428,0,0
b1429,0,0
b1430,0,0
b1431,0,0
b1432,0,1
b1433,0,1
b1434,0,1
b1435,0,1
b1436,0,1
b1438,0,1
b1439,0,1
b1440,0,1
b1441,0,1
b1442,0,1
b1443,0,1
b1444,0,1
b1445,0,0
b1446,0,0
b1447,0,0
b1448,0,0
b1449,0,0
b1450,0,0
b1451,0,0
b1452,0,0
b1453,0,0
b1454,0,0
b1455,0,0
b1456,1,1
b1457,1,1
b1459,1,1
b1460,1,1
b1461,1,1
b1462,1,1
b1463,0,0
b1464,0,0
b1465,0,0
b1466,0,0
b1467,0,0
b1468,0,0
b1469,0,0
b1471,0,0
b1472,0,0
b1473,0,0
b1474,0,0
b1475,0,0
b1476,0,0
b1477,0,0
b1478,0,0
b1479,0,0
b1480,0,0
b1481,0,0
b1482,0,0
b1483,0,0
b1484,0,0
b1485,0,0
b1486,0,0
b1487,0,0
b1488,0,0
b1489,0,0
b1490,0,0
b1491,0,0
b1492,0,0
b1493,0,0
b1494,0,0
b1495,0,0
b1496,0,0
b1497,0,0
b1498,0,0
b1499,0,0
b1500,0,0
b1501,0,0
b1502,0,0
b1503,0,0
b1504,0,0
b1505,0,0
b1506,0,0
b1507,0,0
b1508,0,0
b1511,0,0
b1512,0,0
b1513,0,0
b1514,0,0
b1515,0,0
b1516,0,0
b1517,0,0
b1518,0,0
b1519,0,0
b1520,0,0
b1521,0,0
b1522,0,0
b1523,0,0
b1524,0,0
b1525,0,0
b1526,0,0
b1527,0,0
b1528,0,0
b1529,0,0
b1530,0,0
b1531,0,0
b1532,0,0
b1533,0,0
b1534,0,0
b1535,0,0
b1536,0,0
b1537,0,0
b1538,0,0
b1539,1,0
b1540,1,0
b1541,1,0
b1542,1,0
b1544,1,1
b1545,1,1
b1546,1,1
b1547,1,1
b1548,1,1
b1549,1,1
b1550,1,1
b1551,1,1
b1552,1,1
b1553,1,1
b1554,1,1
b1555,1,1
b1556,1,1
b1557,1,1
b1558,1,1
b1559,1,1
b1560,1,1
b1561,1,1
b1562,1,1
b1563,1,1
b1564,1,1
b1565,1,1
b1566,1,1
b1567,1,1
b1568,1,1
b1569,1,1
b1570,1,1
b1571,1,1
b1572,1,1
b1573,1,1
b1574,1,1
b1575,1,1
b1576,1,1
b1577,1,1
b1578,1,1
b1579,1,1
b1580,0,0
b1581,0,0
b1582,0,0
b1583,0,0
b1584,0,0
b1585,0,0
b1586,0,0
b1587,0,0
b1588,0,0
b1589,0,0
b1590,0,0
b1591,0,0
b1592,0,0
b1593,0,0
b1594,0,0
b1595,0,0
b1596,0,0
b1597,0,0
b1598,0,0
b1599,0,0
b1600,0,0
b1601,0,0
b1602,0,0
b1603,0,0
b1604,0,0
b1605,0,0
b1606,0,0
b1607,0,0
b1608,0,0
b1609,0,0
b1610,0,0
b1611,0,0
b1612,0,0
b1613,0,0
b1614,0,0
b1615,0,0
b1616,0,0
b1617,0,0
b1618,0,0
b1619,0,0
b1620,0,0
b1621,0,0
b1622,0,0
b1623,0,0
b1624,0,0
b1625,0,0
b1626,0,0
b1627,0,0
b1628,0,0
b1629,0,0
b1630,0,0
b1631,0,0
b1632,0,0
b1633,0,0
b1634,0,0
b1635,0,0
b1636,0,0
b1637,0,0
b1638,0,0
b1639,0,0
b1640,0,0
b1641,0,0
b1642,0,0
b1643,0,0
b1644,0,0
b1645,0,0
b1646,0,0
b1647,0,0
b1648,0,0
b1649,0,0
b1650,0,0
b1651,0,0
b1652,0,0
b1653,0,1
b1654,0,0
b1655,0,0
b1656,0,0
b1657,0,0
b1658,0,0
b1659,0,0
b1660,0,0
b1661,0,0
b1662,0,0
b1663,0,0
b1664,0,0
b1665,0,0
b1666,0,0
b1667,0,0
b1668,0,0
b1669,0,0
b1670,0,0
b1671,0,0
b1672,0,0
b1673,0,0
b1674,0,0
b1675,0,0
b1676,0,0
b1677,0,0
b1678,0,0
b1679,0,0
b1680,0,0
b1681,0,0
b1682,0,0
b1683,0,0
b1684,0,0
b1685,0,0
b1686,0,0
b1687,0,0
b1688,0,0
b1689,0,0
b1690,0,0
b1691,0,0
b1692,0,0
b1693,0,0
b1694,0,0
b1695,0,0
b1696,0,0
b1697,0,0
b1698,0,0
b1699,0,0
b1700,0,0
b1701,0,0
b1702,0,0
b1703,0,0
b1704,0,0
b1705,0,0
b1706,0,0
b1707,0,0
b1708,0,0
b1709,0,0
b1710,0,0
b1711,0,0
b1712,0,0
b1713,0,0
b1714,0,0
b1715,0,0
b1716,0,0
b1717,0,0
b1718,0,0
b1719,0,0
b1722,0,0
b1723,0,0
b1724,0,0
b1725,0,0
b1726,0,0
b1727,0,0
b1728,0,0
b1729,0,0
b1730,0,0
b1731,0,0
b1732,0,0
b1733,0,0
b1734,0,0
b1735,0,0
b1736,0,0
b1737,0,0
b1738,0,0
b1739,0,0
b1740,0,0
b1741,0,0
b1742,0,0
b1743,0,0
b1744,0,0
b1745,0,0
b1746,0,0
b1747,0,0
b1748,0,0
b1749,0,0
b1750,0,0
b1751,0,0
b1752,0,0
b1753,0,0
b1754,0,0
b1755,0,0
b1756,0,0
b1757,0,0
b1758,0,0
b1759,0,0
b1760,0,0
b1761,0,0
b1762,0,0
b1763,0,0
b1764,0,0
b1765,0,0
b1766,0,0
b1767,0,0
b1768,0,0
b1769,0,0
b1770,0,0
b1771,0,0
b1772,0,0
b1773,0,0
b1774,0,0
b1775,0,0
b1776,0,0
b1777,0,0
b1778,0,0
b1779,0,0
b1780,0,0
b1781,0,0
b1782,0,0
b1783,0,0
b1784,0,0
b1785,0,0
b1786,1,1
b1787,0,0
b1788,0,0
b1789,0,0
b1790,0,0
b1791,0,0
b1792,0,0
b1793,0,0
b1794,0,0
b1795,0,0
b1796,0,0
b1797,0,0
b1798,0,0
b1799,0,0
b1800,0,0
b1801,0,0
b1802,0,0
b1803,0,0
b1804,0,0
b1805,0,0
b1806,0,0
b1807,0,0
b1808,0,0
b1809,0,0
b1810,0,0
b1811,0,0
b1812,0,0
b1813,0,0
b1814,0,0
b1815,0,0
b1816,0,0
b1817,0,0
b1818,0,0
b1819,0,0
b1820,0,0
b1821,0,0
b1822,0,0
b1823,0,0
b1824,0,0
b1825,0,0
b1826,0,0
b1827,0,0
b1828,0,0
b1829,0,0
b1830,0,0
b1831,0,0
b1832,0,0
b1833,0,0
b1834,0,0
b1835,0,0
b1836,0,0
b1837,0,0
b1838,0,0
b1839,0,0
b1840,0,0
b1841,0,0
b1842,0,0
b1843,0,0
b1844,0,0
b1845,0,0
b1846,0,0
b1847,0,0
b1848,0,0
b1849,0,0
b1850,0,0
b1851,0,0
b1852,0,0
b1853,0,0
b1854,0,0
b1855,0,0
b1856,0,0
b1857,0,0
b1858,0,0
b1859,0,0
b1860,0,0
b1861,0,0
b1862,0,0
b1863,0,0
b1864,0,0
b1865,0,0
b1866,0,0
b1867,0,0
b1868,0,0
b1869,0,0
b1870,0,0
b1871,0,0
b1872,0,0
b1873,0,0
b1874,0,0
b1875,0,0
b1876,0,0
b1877,0,0
b1878,1,1
b1879,1,1
b1880,1,1
b1881,1,1
b1882,1,1
b1883,1,1
b1884,1,1
b1885,1,1
b1886,1,1
b1887,1,1
b1888,1,1
b1889,1,1
b1890,1,1
b1891,1,1
b1892,1,1
b1893,1,1
b1894,1,1
b1895,0,0
b1896,0,0
b1897,0,0
b1900,0,0
b1901,0,0
b1902,0,0
b1904,0,0
b1905,0,0
b1906,0,0
b1907,0,0
b1908,0,0
b1909,0,0
b1910,0,0
b1911,0,0
b1912,0,0
b1913,0,0
b1914,0,0
b1915,0,0
b1916,0,0
b1917,1,1
b1918,1,1
b1919,1,1
b1920,1,1
b1921,1,1
b1922,1,1
b1923,1,1
b1924,1,1
b1925,1,1
b1926,1,1
b1927,1,1
b1928,1,1
b1929,1,1
b1930,1,1
b1931,1,1
b1932,1,1
b1936,1,1
b1937,1,1
b1938,1,1
b1939,1,1
b1940,1,1
b1941,1,1
b1942,1,1
b1943,1,1
b1944,1,1
b1945,1,1
b1946,1,1
b1947,1,1
b1948,1,1
b1949,1,1
b1950,1,1
b1951,0,0
b1952,0,0
b1953,0,0
b1954,0,0
b1955,0,0
b1956,0,0
b1957,0,0
b1958,0,0
b1959,0,0
b1960,0,0
b1961,0,0
b1962,0,0
b1963,0,0
b1967,0,0
b1968,0,0
b1969,0,0
b1970,0,0
b1971,0,0
b1972,0,0
b1973,0,0
b1974,0,0
b1975,0,0
b1976,0,0
b1977,0,0
b1978,0,1
b1981,0,0
b1982,0,0
b1983,0,0
b1984,0,0
b1985,0,0
b1986,0,0
b1987,0,0
b1988,0,0
b1989,0,0
b1990,0,0
b1991,0,0
b1992,0,0
b1993,0,0
b1994,1,1
b1996,1,1
b1997,1,1
b1999,1,1
b2000,1,1
b2001,1,1
b2002,1,1
b2003,1,1
b2004,1,1
b2005,1,1
b2006,1,1
b2007,1,1
b2008,1,1
b2009,0,0
b2010,0,0
b2011,0,0
b2012,0,0
b2013,0,0
b2014,0,0
b2015,0,0
b2016,0,0
b2017,0,0
b2018,0,0
b2019,0,0
b2020,0,0
b2021,0,0
b2022,0,0
b2023,0,0
b2024,0,0
b2025,0,0
b2026,0,0
b2027,0,0
b2028,0,0
b2029,0,0
b2030,1,1
b2032,1,1
b2033,1,1
b2034,1,1
b2035,1,1
b2036,1,1
b2037,1,1
b2038,1,1
b2039,1,1
b2040,1,1
b2041,1,1
b2042,1,1
b2043,1,1
b2044,1,1
b2045,1,1
b2046,1,1
b2047,1,1
b2048,1,1
b2049,1,1
b2050,1,1
b2051,1,1
b2052,1,1
b2053,1,1
b2054,1,1
b2055,1,1
b2056,1,1
b2057,1,1
b2058,1,1
b2059,1,1
b2060,1,1
b2061,1,1
b2062,1,1
b2063,0,0
b2064,0,0
b2065,0,0
b2066,0,0
b2067,0,0
b2068,0,0
b2069,0,0
b2070,0,0
b2071,0,0
b2072,0,0
b2073,0,0
b2074,0,0
b2075,0,0
b2076,0,0
b2077,0,0
b2078,0,0
b2079,0,0
b2080,1,1
b2081,1,1
b2082,1,1
b2083,1,1
b2085,1,1
b2086,1,1
b2088,1,1
b2089,1,1
b2091,1,1
b2092,1,1
b2093,1,1
b2094,1,1
b2095,1,1
b2096,1,1
b2097,0,0
b2098,0,0
b2099,0,0
b2100,0,0
b2101,0,0
b2102,0,0
b2103,0,0
b2104,0,0
b2105,0,0
b2106,0,0
b2107,0,0
b2108,0,0
b2109,0,0
b2110,0,0
b2111,0,0
b2112,0,0
b2113,0,0
b2114,0,0
b2118,0,1
b2119,0,1
b2120,0,1
b2121,0,1
b2122,0,1
b2123,0,1
b2124,0,1
b2125,0,1
b2126,0,1
b2127,0,1
b2128,0,1
b2129,0,1
b2130,0,1
b2131,0,1
b2132,0,1
b2133,0,0
b2134,0,0
b2135,0,0
b2136,0,0
b2137,0,0
b2139,0,0
b2140,0,0
b2141,0,0
b2142,0,0
b2143,0,0
b2144,0,0
b2145,0,0
b2146,0,0
b2147,0,0
b2148,0,0
b2149,0,0
b2150,0,0
b2151,0,0
b2152,0,0
b2153,0,0
b2154,0,0
b2155,0,0
b2156,0,0
b2157,0,0
b2158,0,0
b2159,0,0
b2160,0,0
b2161,0,0
b2162,0,0
b2163,0,0
b2164,0,0
b2165,0,0
b2166,0,0
b2167,0,0
b2168,0,0
b2169,0,0
b2170,0,0
b2171,0,0
b2172,0,0
b2173,0,0
b2174,0,0
b2175,0,0
b2176,0,0
b2177,0,0
b2178,0,0
b2179,0,0
b2180,0,0
b2181,0,0
b2182,0,0
b2183,0,0
b2184,0,0
b2185,0,0
b2186,0,0
b2187,0,0
b2188,0,0
b2189,0,0
b2190,1,1
b2192,1,1
b2193,0,0
b2194,0,0
b2195,0,0
b2196,0,0
b2197,0,0
b2198,0,0
b2199,0,0
b2200,0,0
b2201,0,0
b2202,0,0
b2203,0,0
b2204,0,0
b2205,0,0
b2206,0,0
b2207,0,0
b2208,0,0
b2209,0,1
b2210,0,0
b2211,0,0
b2212,0,0
b2213,0,0
b2214,0,0
b2215,0,0
b2216,0,0
b2217,0,0
b2218,0,0
b2219,0,1
b2220,0,1
b2221,0,1
b2222,0,1
b2223,0,1
b2224,0,1
b2225,0,1
b2226,0,1
b2229,0,1
b2230,0,1
b2231,0,0
b2232,0,0
b2233,0,0
b2234,0,0
b2235,0,0
b2236,0,0
b2237,0,0
b2238,0,0
b2239,0,0
b2240,0,0
b2241,0,0
b2242,0,0
b2243,0,0
b2244,0,0
b2245,0,0
b2246,0,0
b2247,0,0
b2248,0,0
b2249,0,0
b2250,0,0
b2251,0,0
b2252,0,0
b2253,0,0
b2254,0,0
b2255,0,0
b2256,0,0
b2257,0,0
b2258,0,0
b2259,0,0
b2260,0,0
b2261,0,0
b2262,0,0
b2263,0,0
b2264,0,0
b2265,0,0
b2266,0,0
b2267,0,0
b2268,0,0
b2269,0,0
b2270,0,0
b2271,0,0
b2272,0,0
b2273,0,0
b2274,0,0
b2275,0,0
b2276,0,0
b2277,0,0
b2278,0,0
b2279,0,0
b2280,0,0
b2281,0,0
b2282,0,0
b2283,0,0
b2284,0,0
b2285,0,0
b2286,0,0
b2287,0,0
b2288,0,0
b2289,0,0
b2290,0,0
b2291,0,0
b2292,0,0
b2293,0,0
b2294,0,0
b2295,0,0
b2296,0,0
b2297,0,0
b2298,0,0
b2299,0,0
b2300,0,0
b2301,0,0
b2302,0,0
b2303,0,0
b2304,0,0
b2305,0,0
b2306,0,0
b2307,0,0
b2308,0,0
b2309,0,0
b2310,0,0
b2311,0,0
b2312,0,0
b2313,0,0
b2314,0,0
b2315,0,0
b2316,0,0
b2317,0,0
b2318,0,0
b2319,0,0
b2320,0,0
b2321,0,0
b2322,0,0
b2323,0,0
b2324,0,0
b2325,0,0
b2326,0,0
b2327,0,0
b2328,0,0
b2329,0,0
b2330,0,0
b2331,0,0
b2332,0,0
b2333,0,0
b2334,0,0
b2335,0,0
b2336,0,0
b2339,0,0
b2340,0,0
b2341,0,0
b2342,0,0
b2343,0,0
b2344,0,0
b2345,0,0
b2346,0,0
b2347,0,0
b2348,0,0
b2349,1,1
b2350,1,1
b2351,1,1
b2352,1,1
b2353,1,1
b2354,1,1
b2355,1,1
b2356,1,1
b2357,1,1
b2358,1,1
b2359,1,1
b2360,1,1
b2361,1,1
b2362,1,1
b2363,1,1
b2364,0,1
b2365,0,1
b2366,0,1
b2367,0,0
b2368,0,0
b2369,0,0
b2370,0,0
b2371,0,0
b2372,0,0
b2373,0,0
b2374,0,0
b2375,0,0
b2376,0,0
b2377,0,0
b2378,0,0
b2379,0,0
b2380,0,0
b2381,0,0
b2382,0,0
b2383,0,0
b2384,0,0
b2385,0,0
b2386,0,0
b2387,0,0
b2388,0,0
b2389,1,1
b2390,1,1
b2392,1,1
b2393,1,1
b2394,1,1
b2395,1,1
b2396,0,0
b2397,0,0
b2398,0,0
b2399,0,0
b2400,0,0
b2401,0,0
b2402,0,0
b2403,0,0
b2404,0,0
b2405,0,1
b2406,0,1
b2407,0,1
b2408,0,0
b2409,0,0
b2410,0,0
b2411,0,0
b2412,0,0
b2413,0,0
b2414,0,0
b2415,0,0
b2416,0,0
b2417,0,0
b2418,0,0
b2419,0,0
b2420,0,0
b2421,0,0
b2422,0,0
b2423,0,0
b2424,0,0
b2425,0,0
b2426,0,0
b2427,0,0
b2428,0,0
b2429,0,0
b2430,0,0
b2431,0,0
b2432,0,0
b2433,0,0
b2434,0,0
b2435,0,0
b2436,0,0
b2437,0,0
b2438,0,0
b2439,0,0
b2440,0,0
b2441,0,0
b2442,1,1
b2443,1,1
b2444,1,1
b2445,1,1
b2446,1,1
b2447,1,1
b2448,1,1
b2449,1,1
b2450,1,1
b2451,0,0
b2452,0,0
b2453,0,0
b2454,0,0
b2455,0,0
b2456,0,0
b2457,0,0
b2458,0,0
b2459,0,0
b2460,0,0
b2461,0,0
b2462,0,0
b2463,0,0
b2464,0,0
b2465,0,0
b2466,0,0
b2467,0,0
b2468,0,0
b2469,0,0
b2470,0,0
b2471,0,0
b2472,0,0
b2473,0,0
b2474,0,0
b2475,0,0
b2476,0,0
b2477,0,0
b2478,0,0
b2479,0,0
b2480,0,0
b2481,0,1
b2482,0,1
b2483,0,1
b2484,0,1
b2485,0,1
b2486,0,1
b2487,0,1
b2488,0,1
b2489,0,1
b2490,0,1
b2491,0,1
b2492,0,1
b2493,0,0
b2494,0,0
b2495,0,0
b2496,0,0
b2497,0,0
b2498,0,0
b2499,0,0
b2500,0,0
b2501,0,0
b2502,0,0
b2503,0,0
b2504,0,0
b2505,0,0
b2506,0,0
b2507,0,0
b2508,0,0
b2509,0,0
b2510,0,0
b2511,0,0
b2512,0,0
b2513,0,0
b2514,0,0
b2515,0,0
b2516,0,0
b2517,0,0
b2518,0,0
b2519,0,0
b2520,0,0
b2521,0,0
b2522,0,0
b2523,0,0
b2524,0,0
b2525,0,0
b2526,0,0
b2527,0,0
b2528,0,0
b2529,0,0
b2530,0,0
b2531,0,0
b2532,0,0
b2533,0,0
b2534,0,0
b2535,0,0
b2536,0,0
b2537,0,0
b2538,0,0
b2539,0,0
b2540,0,0
b2541,0,0
b2542,0,0
b2543,0,0
b2544,0,0
b2545,0,0
b2546,0,0
b2547,0,0
b2548,0,0
b2549,0,0
b2550,0,0
b2551,0,0
b2552,0,0
b2553,0,0
b2554,0,0
b2555,0,0
b2556,0,0
b2557,0,0
b2558,0,0
b2559,0,0
b2560,0,0
b2561,0,0
b2562,0,0
b2563,0,0
b2564,0,0
b2565,0,0
b2566,0,0
b2567,0,0
b2568,0,0
b2569,0,0
b2570,0,0
b2571,0,0
b2572,0,0
b2573,0,0
b2574,0,0
b2575,0,0
b2576,0,0
b2577,0,0
b2578,0,0
b2579,0,0
b2580,0,0
b2581,0,0
b2582,0,0
b2583,0,0
b2584,0,0
b2585,0,0
b2586,0,0
b2587,0,0
b2588,0,0
b2589,0,0
b2590,0,0
b2591,0,0
b2592,0,0
b2593,0,0
b2594,0,0
b2595,0,0
b2597,0,0
b2598,0,0
b2599,0,0
b2600,0,0
b2601,0,0
b2602,0,0
b2603,0,0
b2604,0,0
b2605,0,0
b2606,0,0
b2607,0,0
b2608,0,0
b2609,0,0
b2610,0,0
b2611,0,0
b2614,0,0
b2615,0,0
b2616,0,0
b2617,0,0
b2618,0,0
b2619,0,0
b2620,0,0
b2621,0,0
b2622,1,1
b2623,1,1
b2624,1,1
b2625,1,1
b2626,1,1
b2627,1,1
b2628,1,1
b2629,1,1
b2630,1,1
b2631,1,1
b2632,1,1
b2633,1,1
b2634,1,1
b2635,1,1
b2636,1,1
b2637,1,1
b2638,1,1
b2641,1,1
b2642,1,1
b2643,1,1
b2644,1,1
b2645,1,1
b2646,1,1
b2647,1,1
b2648,1,1
b2650,1,1
b2652,1,1
b2659,1,1
b2660,1,1
b2661,0,0
b2662,0,0
b2663,0,0
b2664,0,0
b2665,0,0
b2666,0,0
b2667,0,0
b2668,0,0
b2669,0,0
b2670,0,0
b2671,0,0
b2672,0,0
b2673,0,0
b2674,0,0
b2675,0,0
b2676,0,0
b2677,0,0
b2678,0,0
b2679,0,0
b2681,0,0
b2682,0,0
b2683,0,0
b2684,0,0
b2685,0,0
b2686,0,0
b2687,0,0
b2688,0,0
b2689,0,0
b2690,0,0
b2691,0,0
b2692,0,0
b2693,0,0
b2694,0,0
b2695,0,0
b2696,0,0
b2697,0,0
b2698,0,0
b2699,0,0
b2700,0,0
b2701,0,0
b2702,0,0
b2703,0,0
b2704,0,0
b2705,0,0
b2706,0,0
b2707,0,0
b2708,0,0
b2709,0,0
b2710,0,0
b2711,0,0
b2712,0,0
b2713,0,0
b2714,0,0
b2715,0,0
b2716,0,0
b2717,0,0
b2718,0,0
b2719,0,0
b2720,0,0
b2721,0,0
b2722,0,0
b2723,0,0
b2724,0,0
b2725,0,0
b2726,0,0
b2727,0,0
b2728,0,0
b2729,0,0
b2730,0,0
b2731,0,0
b2732,0,0
b2733,0,0
b2734,0,0
b2735,0,1
b2736,0,1
b2737,0,1
b2738,0,1
b2739,0,1
b2740,0,1
b2741,0,0
b2742,0,0
b2743,0,0
b2744,0,0
b2745,0,0
b2746,0,0
b2747,0,0
b2748,0,0
b2749,0,0
b2750,0,0
b2751,0,0
b2752,0,0
b2753,0,0
b2754,0,0
b2755,0,0
b2756,0,0
b2757,0,0
b2758,0,0
b2759,0,0
b2760,0,0
b2761,0,0
b2762,0,0
b2763,0,0
b2764,0,0
b2765,0,0
b2766,0,0
b2767,0,0
b2768,0,0
b2769,0,0
b2770,0,0
b2771,0,0
b2774,0,0
b2775,0,0
b2776,0,0
b2777,0,0
b2778,0,0
b2779,0,0
b2780,0,0
b2781,0,0
b2782,0,0
b2783,0,0
b2784,0,0
b2785,0,0
b2786,0,0
b2787,0,0
b2788,0,0
b2789,0,0
b2790,0,0
b2791,0,0
b2792,0,0
b2793,0,0
b2794,0,0
b2795,0,0
b2796,0,0
b2797,0,0
b2798,0,0
b2799,0,0
b2800,0,0
b2801,0,0
b2802,0,0
b2803,0,0
b2804,0,0
b2805,0,0
b2806,0,0
b2807,0,0
b2808,0,0
b2809,0,0
b2810,0,0
b2811,0,0
b2812,0,0
b2813,0,0
b2814,0,0
b2815,0,0
b2816,0,0
b2817,0,0
b2818,0,0
b2819,0,0
b2820,0,0
b2821,0,0
b2822,0,0
b2823,0,0
b2824,0,0
b2825,0,0
b2826,0,0
b2827,0,0
b2828,0,0
b2829,0,0
b2830,0,0
b2831,0,0
b2832,0,0
b2833,0,0
b2834,0,0
b2835,0,0
b2836,0,0
b2837,0,0
b2838,0,0
b2839,0,0
b2840,0,0
b2841,0,0
b2842,0,0
b2843,0,0
b2844,0,0
b2845,0,0
b2846,0,0
b2847,0,0
b2848,0,0
b2849,0,0
b2850,0,0
b2851,0,0
b2852,0,0
b2853,0,0
b2854,0,0
b2856,1,1
b2858,1,1
b2859,1,1
b2860,1,1
b2861,1,1
b2863,1,1
b2864,0,0
b2865,0,0
b2866,0,0
b2867,0,0
b2868,0,0
b2869,0,0
b2870,0,0
b2871,0,0
b2872,0,0
b2873,0,0
b2874,0,0
b2875,0,0
b2876,0,0
b2877,0,0
b2878,0,0
b2879,0,0
b2880,0,0
b2881,0,0
b2882,0,0
b2883,0,0
b2886,0,0
b2887,0,0
b2888,0,0
b2889,0,0
b2890,0,0
b2891,0,0
b2892,0,0
b2893,0,0
b2894,0,0
b2895,0,0
b2896,0,0
b2897,0,0
b2898,0,0
b2899,0,0
b2900,0,0
b2901,0,0
b2902,0,0
b2903,0,0
b2904,0,0
b2905,0,0
b2906,0,0
b2907,0,0
b2908,0,0
b2909,0,0
b2910,0,0
b2911,0,0
b2912,0,0
b2913,0,0
b2914,0,0
b2915,0,0
b2916,0,0
b2917,0,0
b2918,0,0
b2919,0,0
b2920,0,0
b2921,0,0
b2922,0,0
b2923,0,0
b2924,0,0
b2925,0,0
b2926,0,0
b2927,0,0
b2928,0,0
b2929,0,0
b2930,0,0
b2933,0,0
b2934,0,0
b2935,0,0
b2936,0,0
b2937,0,0
b2938,0,0
b2939,0,0
b2940,0,0
b2942,0,0
b2943,0,0
b2944,0,0
b2945,1,1
b2946,0,0
b2947,0,0
b2948,0,0
b2949,0,0
b2950,0,0
b2951,0,0
b2952,0,0
b2953,0,0
b2954,0,0
b2955,0,0
b2956,0,0
b2957,0,0
b2958,0,0
b2959,0,0
b2960,0,0
b2961,0,0
b2962,0,0
b2963,0,0
b2964,0,0
b2965,0,0
b2966,0,0
b2967,0,0
b2968,1,1
b2969,1,1
b2970,1,1
b2971,1,1
b2972,1,1
b2975,1,1
b2976,1,1
b2977,1,1
b2979,1,1
b2980,1,1
b2981,1,1
b2982,1,1
b2983,1,1
b2984,1,1
b2985,1,1
b2986,1,1
b2987,1,1
b2988,0,0
b2989,0,0
b2990,0,0
b2991,0,0
b2992,0,0
b2993,0,0
b2994,0,0
b2995,0,0
b2996,0,0
b2997,0,0
b2998,0,0
b3001,0,0
b3002,0,0
b3003,0,0
b3005,0,0
b3006,0,0
b3008,0,0
b3009,0,0
b3010,0,0
b3011,0,0
b3012,0,0
b3013,0,0
b3014,0,0
b3017,0,0
b3018,0,0
b3019,0,0
b3020,0,0
b3021,0,0
b3022,0,0
b3023,0,0
b3024,0,0
b3025,0,0
b3026,0,0
b3027,0,0
b3028,0,0
b3029,0,0
b3030,0,0
b3031,0,0
b3032,0,0
b3033,0,0
b3034,0,0
b3035,0,0
b3037,0,0
b3038,0,0
b3039,0,0
b3040,0,0
b3041,0,0
b3042,1,1
b3043,1,1
b3044,1,1
b3045,1,1
b3046,1,1
b3047,1,1
b3048,1,1
b3049,0,0
b3050,0,0
b3051,0,0
b3052,0,0
b3053,0,0
b3054,0,0
b3055,0,0
b3056,0,0
b3057,0,0
b3058,0,0
b3059,0,0
b3060,0,0
b3061,0,0
b3062,0,0
b3063,0,0
b3064,0,0
b3065,0,0
b3066,0,0
b3067,0,0
b3068,0,0
b3069,0,0
b3070,0,0
b3071,0,0
b3072,0,0
b3073,0,0
b3074,0,0
b3075,0,0
b3076,0,0
b3077,0,0
b3078,0,0
b3079,0,0
b3080,0,0
b3081,0,0
b3082,0,0
b3083,0,0
b3084,0,0
b3085,0,0
b3086,0,0
b3087,0,0
b3088,0,0
b3089,0,0
b3090,0,0
b3091,0,0
b3092,0,0
b3093,0,0
b3094,0,0
b3095,0,0
b3096,0,0
b3097,0,0
b3098,0,0
b3099,0,0
b3100,0,0
b3101,0,0
b3102,0,0
b3103,0,0
b3104,0,0
b3105,0,0
b3106,0,0
b3107,0,0
b3110,0,0
b3113,0,0
b3114,0,0
b3115,0,0
b3116,0,0
b3117,0,0
b3118,0,0
b3119,0,0
b3120,0,0
b3121,0,0
b3123,0,0
b3124,0,0
b3125,0,0
b3126,0,0
b3127,0,0
b3128,0,0
b3129,0,0
b3130,0,0
b3131,0,0
b3132,0,0
b3133,0,0
b3134,0,0
b3135,0,0
b3136,0,0
b3137,0,0
b3138,0,0
b3139,0,0
b3140,0,0
b3141,0,0
b3142,0,0
b3143,0,0
b3144,0,0
b3145,0,0
b3146,0,0
b3147,0,0
b3148,0,0
b3149,0,0
b3150,0,0
b3151,0,0
b3152,0,0
b3153,0,0
b3154,0,0
b3155,0,0
b3156,0,0
b3157,0,0
b3158,0,0
b3159,0,0
b3160,0,0
b3161,0,0
b3162,0,0
b3163,0,0
b3164,0,0
b3165,0,0
b3166,0,0
b3167,0,0
b3168,0,0
b3169,0,0
b3170,0,0
b3171,0,0
b3172,0,0
b3173,0,0
b3174,0,0
b3175,0,0
b3176,0,0
b3177,0,0
b3178,0,0
b3179,0,0
b3180,0,0
b3181,0,0
b3182,0,0
b3183,0,0
b3184,0,0
b3185,0,0
b3186,0,0
b3187,0,0
b3188,0,0
b3189,0,0
b3190,0,0
b3191,0,0
b3192,0,0
b3193,0,0
b3194,0,0
b3195,0,0
b3196,0,0
b3197,0,0
b3198,0,0
b3199,0,0
b3200,0,0
b3201,0,0
b3202,0,0
b3203,0,0
b3204,0,0
b3205,0,0
b3206,0,0
b3207,0,0
b3208,0,0
b3209,0,0
b3210,0,0
b3211,0,0
b3212,0,0
b3213,0,0
b3214,0,0
b3215,1,1
b3216,1,1
b3218,1,1
b3219,1,1
b3220,0,0
b3221,0,0
b3222,0,0
b3223,0,0
b3224,0,0
b3225,0,0
b3226,0,0
b3227,0,0
b3228,0,0
b3229,0,0
b3230,0,0
b3231,0,0
b3232,0,0
b3233,0,0
b3234,0,0
b3235,0,0
b3236,0,0
b3237,0,0
b3238,0,0
b3239,0,0
b3240,0,0
b3241,0,0
b3242,0,0
b3243,0,0
b3244,0,0
b3247,0,0
b3248,0,0
b3249,0,0
b3250,0,0
b3251,0,0
b3252,0,0
b3253,0,0
b3255,0,0
b3256,0,0
b3257,0,0
b3258,0,0
b3259,0,0
b3260,0,0
b3261,0,0
b3262,0,0
b3263,0,0
b3264,0,0
b3265,0,0
b3266,0,0
b3267,0,0
b3268,0,0
b3269,0,0
b3270,0,0
b3271,0,0
b3272,0,0
b3273,0,0
b3274,0,0
b3275,0,0
b3276,0,0
b3277,0,0
b3278,0,0
b3279,0,0
b3280,0,0
b3281,0,0
b3282,0,0
b3283,0,0
b3284,0,0
b3287,0,0
b3288,0,0
b3289,0,0
b3290,0,0
b3291,0,0
b3292,0,0
b3293,0,0
b3294,0,0
b3295,0,0
b3296,0,0
b3297,0,0
b3298,0,0
b3299,0,0
b3300,0,0
b3301,0,0
b3302,0,0
b3303,0,0
b3304,0,0
b3305,0,0
b3306,0,0
b3307,0,0
b3308,0,0
b3309,0,0
b3310,0,0
b3311,0,0
b3312,0,0
b3313,0,0
b3314,0,0
b3315,0,0
b3316,0,0
b3317,0,0
b3318,0,0
b3319,0,0
b3320,0,0
b3321,0,0
b3322,0,0
b3323,1,1
b3324,1,1
b3325,1,1
b3326,1,1
b3327,1,1
b3328,1,1
b3329,1,1
b3330,1,1
b3331,1,1
b3332,1,1
b3333,1,1
b3334,1,1
b3335,1,1
b3336,1,1
b3337,1,1
b3338,1,1
b3339,0,0
b3340,0,0
b3341,0,0
b3342,0,0
b3343,0,0
b3344,0,0
b3345,0,0
b3346,0,0
b3347,0,0
b3348,0,0
b3349,0,0
b3350,0,0
b3351,0,0
b3352,0,0
b3353,0,0
b3354,0,0
b3355,0,0
b3356,0,0
b3357,0,0
b3358,0,0
b3359,0,0
b3360,0,0
b3361,0,0
b3362,0,0
b3363,0,0
b3364,0,0
b3365,0,0
b3366,0,0
b3367,0,0
b3368,0,0
b3369,0,0
b3370,0,0
b3371,0,0
b3374,0,0
b3375,0,0
b3376,0,0
b3377,0,0
b3378,0,0
b3379,0,0
b3380,0,0
b3381,0,0
b3382,0,0
b3383,0,0
b3384,0,0
b3385,0,0
b3386,0,0
b3387,0,0
b3388,0,0
b3389,0,0
b3390,0,0
b3391,0,0
b3392,0,0
b3393,0,0
b3394,0,0
b3395,0,0
b3396,0,0
b3397,0,0
b3398,0,0
b3399,0,0
b3400,0,0
b3401,0,0
b3402,0,0
b3403,0,0
b3404,0,0
b3405,0,0
b3406,0,0
b3407,0,0
b3408,0,0
b3409,0,0
b3410,0,0
b3411,0,0
b3412,0,0
b3413,0,0
b3414,0,0
b3415,0,0
b3416,0,0
b3417,0,0
b3418,0,0
b3421,0,0
b3422,0,0
b3423,0,0
b3424,0,0
b3425,0,0
b3426,0,0
b3427,0,0
b3428,0,0
b3429,0,0
b3430,0,0
b3431,0,0
b3432,0,0
b3433,0,0
b3434,0,0
b3437,0,0
b3438,0,0
b3439,0,0
b3440,0,0
b3441,1,1
b3442,1,1
b3443,1,1
b3444,1,1
b3445,1,1
b3446,1,1
b3447,0,0
b3448,0,0
b3449,0,0
b3450,0,0
b3451,0,0
b3452,0,0
b3453,0,0
b3454,0,0
b3455,0,0
b3456,0,0
b3457,0,0
b3458,0,0
b3459,0,0
b3460,0,0
b3461,0,0
b3462,0,0
b3463,0,0
b3464,0,0
b3465,0,0
b3466,0,0
b3467,0,0
b3468,0,0
b3469,0,0
b3470,0,0
b3471,0,0
b3472,0,0
b3473,0,0
b3474,0,0
b3475,0,0
b3476,0,0
b3477,0,0
b3478,0,0
b3479,0,0
b3480,0,0
b3481,0,0
b3482,1,1
b3483,1,1
b3484,1,1
b3485,0,0
b3486,0,0
b3487,0,0
b3488,0,0
b3491,0,0
b3492,0,0
b3493,0,0
b3494,0,0
b3495,0,0
b3496,0,0
b3497,0,0
b3498,0,0
b3499,0,0
b3500,0,0
b3501,0,0
b3502,0,0
b3503,0,0
b3504,1,1
b3505,1,1
b3506,0,0
b3507,0,0
b3508,0,0
b3509,0,0
b3510,0,0
b3511,0,0
b3512,0,0
b3513,0,0
b3514,0,0
b3515,0,0
b3516,0,0
b3517,0,0
b3518,0,0
b3519,0,0
b3520,0,0
b3521,0,0
b3522,0,0
b3523,0,0
b3524,0,0
b3525,0,0
b3526,0,0
b3527,0,0
b3528,0,0
b3529,0,0
b3530,0,0
b3531,0,0
b3532,0,0
b3533,0,0
b3534,0,0
b3535,0,0
b3536,0,0
b3537,0,0
b3538,0,0
b3539,0,0
b3540,0,0
b3541,0,0
b3542,0,0
b3543,0,0
b3544,0,0
b3545,0,0
b3546,0,0
b3547,0,0
b3548,0,0
b3549,0,0
b3550,0,0
b3551,0,0
b3552,0,0
b3553,0,0
b3554,0,0
b3555,0,0
b3556,0,0
b3557,1,1
b3558,1,1
b3559,0,0
b3560,0,0
b3561,0,0
b3562,0,0
b3563,0,0
b3564,0,0
b3565,0,0
b3566,0,0
b3567,0,0
b3568,0,0
b3569,0,0
b3570,0,0
b3571,0,0
b3572,0,0
b3573,0,1
b3574,0,1
b3575,0,1
b3576,0,1
b3577,0,1
b3578,0,1
b3579,0,1
b3580,0,1
b3581,0,1
b3582,0,1
b3583,0,1
b3584,0,1
b3585,0,1
b3586,0,1
b3587,0,1
b3588,0,0
b3589,0,0
b3590,0,0
b3591,0,0
b3592,0,0
b3593,1,1
b3594,1,1
b3595,1,1
b3596,1,1
b3597,0,0
b3598,0,0
b3599,0,0
b3600,0,0
b3601,0,0
b3602,0,0
b3603,0,0
b3604,0,0
b3605,0,0
b3606,0,0
b3607,0,0
b3608,0,0
b3609,0,0
b3610,0,0
b3611,0,0
b3612,0,0
b3613,0,0
b3614,0,0
b3615,0,0
b3616,0,0
b3617,0,0
b3618,0,0
b3619,0,0
b3620,0,0
b3621,0,0
b3622,0,0
b3623,0,0
b3624,0,0
b3625,0,0
b3626,0,0
b3627,0,0
b3628,0,0
b3629,0,0
b3630,0,0
b3631,0,0
b3632,0,0
b3633,0,0
b3634,0,0
b3635,0,0
b3636,0,0
b3637,0,0
b3638,0,0
b3639,0,0
b3640,0,0
b3641,0,0
b3642,0,0
b3643,0,1
b3644,0,0
b3645,0,0
b3646,0,0
b3647,0,0
b3648,0,0
b3649,0,0
b3650,0,0
b3651,0,0
b3652,0,0
b3653,0,0
b3654,0,0
b3655,0,0
b3656,0,0
b3657,0,0
b3658,0,0
b3659,0,0
b3660,0,0
b3661,0,0
b3662,0,0
b3663,0,0
b3664,0,0
b3665,0,0
b3666,0,0
b3667,0,0
b3668,0,0
b3669,0,0
b3670,0,0
b3671,0,0
b3672,0,0
b3673,0,0
b3674,0,0
b3675,0,0
b3676,0,0
b3677,0,0
b3678,0,0
b3679,0,0
b3680,0,0
b3683,0,0
b3684,0,0
b3685,0,0
b3686,0,0
b3687,0,0
b3688,0,0
b3689,0,0
b3690,0,0
b3691,0,0
b3693,0,0
b3696,0,0
b3697,0,0
b3698,0,0
b3699,0,0
b3700,0,0
b3701,0,0
b3702,0,0
b3703,0,0
b3704,0,0
b3705,0,0
b3706,0,0
b3707,0,1
b3708,0,1
b3709,0,1
b3710,0,1
b3711,0,1
b3712,0,1
b3713,0,1
b3714,0,1
b3715,0,1
b3716,0,1
b3717,0,1
b3718,0,1
b3719,0,1
b3720,0,1
b3721,0,1
b3722,0,1
b3723,0,1
b3724,0,0
b3725,0,0
b3726,0,0
b3727,0,0
b3728,0,0
b3729,0,0
b3730,0,0
b3731,0,0
b3732,0,0
b3733,0,0
b3734,0,0
b3735,0,0
b3736,0,0
b3737,0,0
b3738,0,0
b3739,0,0
b3740,0,0
b3741,0,0
b3742,0,0
b3743,0,0
b3744,0,0
b3745,0,0
b3746,0,0
b3747,0,0
b3748,0,0
b3749,0,0
b3750,0,0
b3751,0,0
b3752,0,0
b3753,0,0
b3754,0,0
b3755,0,0
b3756,0,0
b3757,0,0
b3758,0,0
b3759,0,0
b3760,0,0
b3761,0,0
b3764,0,0
b3765,0,0
b3766,0,0
b3769,0,0
b3770,0,0
b3771,0,0
b3772,0,0
b3773,0,0
b3774,0,0
b3775,0,0
b3777,0,0
b3778,0,0
b3779,0,0
b3780,0,0
b3781,0,0
b3783,0,0
b3784,0,1
b3785,0,1
b3786,0,1
b3787,0,1
b3788,0,1
b3789,0,1
b3790,0,1
b3791,0,1
b3792,0,1
b3793,0,1
b3794,0,1
b3795,0,1
b3796,0,0
b3797,0,0
b3798,0,0
b3799,0,0
b3800,0,0
b3801,0,0
b3802,0,0
b3803,0,0
b3804,0,0
b3805,0,0
b3806,0,0
b3807,0,0
b3809,0,0
b3810,0,0
b3811,0,0
b3812,0,0
b3813,0,0
b3816,0,0
b3817,0,0
b3818,0,0
b3819,0,0
b3820,0,0
b3821,0,0
b3822,0,0
b3823,0,0
b3824,0,0
b3825,0,0
b3826,0,0
b3827,0,0
b3828,0,0
b3829,0,0
b3830,0,0
b3831,0,0
b3832,0,0
b3833,0,0
b3834,0,0
b3835,0,0
b3836,0,0
b3838,0,0
b3839,0,0
b3842,0,0
b3843,0,0
b3844,0,0
b3845,0,0
b3846,0,0
b3847,0,0
b3848,0,0
b3849,0,0
b3850,0,0
b3851,0,0
b3852,0,0
b3853,0,0
b3854,0,0
b3855,0,0
b3856,0,0
b3857,0,0
b3858,0,0
b3859,0,0
b3860,0,0
b3861,0,0
b3862,0,0
b3863,0,0
b3864,0,0
b3865,0,0
b3866,0,0
b3867,0,0
b3868,0,0
b3869,0,0
b3870,0,0
b3871,0,0
b3872,0,0
b3873,0,0
b3874,0,0
b3875,0,0
b3876,0,0
b3877,0,0
b3878,0,0
b3879,0,0
b3880,0,0
b3881,0,0
b3882,0,0
b3883,0,0
b3884,0,0
b3885,0,0
b3886,0,0
b3887,0,0
b3888,0,0
b3889,0,0
b3890,0,0
b3891,0,0
b3892,0,0
b3893,0,0
b3894,0,0
b3895,0,0
b3896,0,1
b3897,0,1
b3898,0,1
b3899,0,1
b3900,0,1
b3901,0,0
b3902,0,0
b3903,0,0
b3904,0,0
b3905,0,0
b3906,0,0
b3907,0,0
b3908,0,0
b3909,0,0
b3910,0,0
b3911,0,0
b3912,0,0
b3915,0,0
b3916,0,0
b3917,0,0
b3918,0,0
b3919,0,0
b3920,0,0
b3921,0,0
b3922,0,0
b3923,0,0
b3924,0,0
b3925,0,0
b3926,0,0
b3927,0,0
b3928,0,0
b3929,0,0
b3930,0,0
b3931,0,0
b3932,0,0
b3933,0,0
b3934,0,0
b3935,0,0
b3936,0,0
b3937,0,0
b3938,0,0
b3939,0,0
b3940,0,0
b3941,0,0
b3942,0,0
b3943,0,0
b3944,0,0
b3945,0,0
b3946,0,0
b3947,0,0
b3949,0,0
b3950,0,0
b3951,0,0
b3952,0,0
b3953,0,0
b3954,0,0
b3955,0,0
b3956,0,0
b3957,0,0
b3958,0,0
b3959,0,0
b3960,0,0
b3961,0,0
b3962,0,0
b3963,0,0
b3964,0,0
b3965,0,0
b3966,0,0
b3967,0,0
b3968,0,0
b3969,0,0
b3970,0,0
b3971,0,0
b3972,0,0
b3973,0,0
b3974,0,0
b3976,0,0
b3977,0,0
b3978,0,0
b3979,0,0
b3980,0,0
b3981,0,0
b3982,0,0
b3983,0,0
b3984,0,0
b3985,0,0
b3986,0,0
b3987,0,0
b3988,0,0
b3989,0,0
b3990,0,0
b3991,0,0
b3992,0,0
b3993,0,0
b3994,0,0
b3995,0,0
b3996,0,0
b3997,0,0
b3998,0,0
b3999,0,0
b4000,0,0
b4001,0,0
b4002,0,0
b4003,0,0
b4004,0,0
b4005,0,0
b4006,0,0
b4007,0,0
b4008,0,0
b4009,0,0
b4010,0,0
b4011,0,0
b4012,0,0
b4013,0,0
b4014,0,0
b4015,0,0
b4016,0,0
b4017,0,0
b4018,0,0
b4019,0,0
b4020,0,0
b4021,0,0
b4022,0,0
b4023,0,0
b4024,0,0
b4025,0,0
b4026,0,0
b4027,0,0
b4028,0,0
b4029,0,0
b4030,0,0
b4031,0,0
b4032,0,0
b4033,0,0
b4034,0,0
b4035,0,0
b4036,0,0
b4037,0,0
b4038,0,0
b4039,0,0
b4040,0,0
b4041,0,0
b4042,0,0
b4043,0,0
b4044,0,0
b4045,0,0
b4046,0,0
b4047,0,0
b4048,0,0
b4049,0,0
b4050,0,0
b4051,0,0
b4052,0,0
b4053,0,0
b4054,0,0
b4055,0,0
b4056,0,0
b4057,0,0
b4058,0,0
b4059,0,0
b4060,0,0
b4061,0,0
b4062,0,0
b4063,0,0
b4064,0,0
b4065,0,0
b4066,0,0
b4067,0,0
b4068,0,0
b4069,0,0
b4070,0,0
b4071,0,0
b4072,0,0
b4073,0,0
b4074,0,0
b4075,0,0
b4076,0,0
b4077,0,0
b4078,0,0
b4079,0,0
b4080,0,1
b4081,0,1
b4082,0,1
b4083,0,1
b4084,0,1
b4085,0,1
b4086,0,1
b4087,0,1
b4088,0,1
b4089,0,1
b4090,0,1
b4092,0,1
b4093,0,1
b4094,0,1
b4095,0,1
b4096,0,1
b4097,0,1
b4098,0,1
b4099,0,1
b4100,0,1
b4101,0,1
b4102,0,1
b4104,0,1
b4105,0,1
b4106,0,1
b4107,0,0
b4108,0,0
b4109,0,0
b4110,0,0
b4111,0,0
b4112,0,0
b4113,0,0
b4114,0,0
b4115,0,0
b4116,0,0
b4117,0,0
b4118,0,0
b4119,0,0
b4120,0,0
b4121,0,0
b4122,0,0
b4123,0,0
b4124,0,0
b4125,0,0
b4126,0,0
b4127,0,0
b4128,0,0
b4129,0,0
b4130,0,0
b4131,0,0
b4132,0,0
b4133,0,0
b4134,0,0
b4135,0,0
b4136,0,0
b4137,0,0
b4138,0,0
b4139,0,0
b4140,0,0
b4141,0,0
b4142,0,0
b4143,0,0
b4144,0,0
b4145,0,0
b4146,0,0
b4147,0,0
b4148,0,0
b4149,0,0
b4150,0,0
b4151,0,0
b4152,0,0
b4153,0,0
b4154,0,0
b4155,0,0
b4156,0,0
b4157,0,0
b4158,0,0
b4159,0,0
b4160,0,0
b4161,0,0
b4162,0,0
b4163,0,0
b4164,0,0
b4165,0,0
b4166,0,0
b4167,0,0
b4168,0,0
b4169,0,0
b4170,0,0
b4171,0,0
b4172,0,0
b4173,0,0
b4174,0,0
b4175,0,0
b4176,0,0
b4177,0,0
b4178,0,0
b4179,0,0
b4180,0,0
b4181,0,0
b4182,0,0
b4183,0,0
b4184,0,0
b4185,0,0
b4186,0,0
b4187,0,0
b4188,0,0
b4189,0,0
b4190,0,0
b4191,0,0
b4192,0,0
b4193,0,0
b4194,0,0
b4195,0,0
b4196,0,0
b4197,0,0
b4198,0,0
b4199,0,0
b4200,0,0
b4201,0,0
b4202,0,0
b4203,0,0
b4204,0,0
b4205,0,0
b4206,0,0
b4207,0,0
b4208,0,0
b4209,0,0
b4210,0,0
b4211,0,0
b4212,0,0
b4213,0,0
b4214,0,0
b4215,0,0
b4216,0,0
b4217,0,0
b4218,0,0
b4219,0,0
b4220,0,0
b4221,0,0
b4222,0,0
b4224,0,0
b4225,0,0
b4226,0,0
b4227,0,0
b4230,0,0
b4231,0,0
b4232,0,0
b4233,0,0
b4234,0,0
b4235,0,0
b4236,0,0
b4237,0,0
b4238,0,0
b4239,0,0
b4240,0,0
b4241,0,0
b4242,0,0
b4243,0,0
b4244,0,0
b4245,0,0
b4246,0,0
b4248,0,0
b4249,0,0
b4251,0,0
b4252,0,0
b4253,0,0
b4254,0,0
b4255,0,0
b4256,0,0
b4257,0,0
b4258,0,0
b4259,0,0
b4260,0,0
b4261,0,0
b4262,0,0
b4263,0,0
b4264,0,1
b4265,0,1
b4266,0,1
b4267,0,1
b4268,0,1
b4269,0,1
b4270,0,0
b4271,1,1
b4272,1,1
b4273,1,1
b4274,1,1
b4277,1,1
b4278,1,1
b4279,1,1
b4280,1,1
b4281,1,1
b4282,1,1
b4284,1,1
b4286,1,1
b4287,1,1
b4288,1,1
b4289,1,1
b4290,1,1
b4291,1,1
b4292,1,1
b4293,1,1
b4294,1,1
b4295,1,1
b4296,1,1
b4297,1,1
b4298,1,1
b4299,1,1
b4300,1,1
b4301,1,1
b4302,1,1
b4303,1,1
b4304,1,1
b4305,1,1
b4306,1,1
b4307,1,1
b4308,1,1
b4309,1,1
b4310,1,1
b4311,1,1
b4312,1,1
b4313,1,1
b4314,1,1
b4315,1,1
b4316,1,1
b4317,1,1
b4318,1,1
b4319,1,1
b4320,1,1
b4321,0,0
b4322,0,0
b4323,0,0
b4324,0,0
b4325,1,1
b4326,1,1
b4327,1,1
b4328,1,1
b4329,1,1
b4330,1,1
b4331,1,1
b4332,1,1
b4333,1,1
b4334,1,1
b4335,1,1
b4336,1,1
b4337,1,1
b4339,1,1
b4340,1,1
b4341,1,1
b4342,1,1
b4345,1,1
b4346,1,1
b4347,1,1
b4348,1,1
b4349,1,1
b4350,1,1
b4351,1,1
b4352,1,1
b4353,1,1
b4354,1,1
b4355,1,1
b4356,1,1
b4357,1,1
b4358,1,1
b4359,0,0
b4360,0,0
b4361,0,0
b4362,0,0
b4363,0,0
b4364,0,0
b4365,0,0
b4366,0,0
b4367,0,0
b4368,0,0
b4369,0,0
b4370,0,0
b4371,0,0
b4372,0,0
b4373,0,0
b4374,0,0
b4375,0,0
b4376,0,0
b4377,0,0
b4378,0,0
b4379,0,0
b4380,0,0
b4381,0,0
b4382,0,0
b4383,0,0
b4384,0,0
b4385,0,0
b4386,0,0
b4387,0,0
b4388,0,0
b4389,0,0
b4390,0,0
b4391,0,0
b4392,0,0
b4393,0,0
b4394,0,0
b4395,0,0
b4396,0,0
b4397,0,0
b4398,0,0
b4399,0,0
b4400,0,0
b4401,0,0
b4402,0,0
b4403,0,0
b4406,0,0
b4407,0,0
b4408,0,0
b4409,0,0
b4410,0,0
b4411,0,0
b4412,1,1
b4413,1,1
b4414,0,0
b4415,1,1
b4417,0,0
b4418,0,0
b4419,0,0
b4420,0,0
b4421,0,0
b4422,0,0
b4423,0,0
b4424,0,0
b4425,0,0
b4426,1,1
b4427,1,1
b4428,0,0
b4429,0,0
b4430,0,0
b4431,0,0
b4432,0,0
b4433,0,0
b4435,1,1
b4436,0,0
b4437,0,0
b4438,1,1
b4439,0,0
b4440,0,0
b4441,0,0
b4442,0,0
b4443,0,0
b4444,0,0
b4445,0,0
b4446,0,0
b4447,0,0
b4449,0,0
b4450,0,0
b4451,1,1
b4452,0,0
b4453,0,0
b4454,0,0
b4455,0,0
b4456,0,0
b4457,0,0
b4458,0,0
b4459,0,0
b4460,0,0
b4461,0,0
b4462,1,1
b4463,0,0
b4464,0,0
b4465,0,0
b4466,1,1
b4467,1,1
b4468,1,1
b4469,0,0
b4470,0,0
b4471,0,0
b4472,0,0
b4473,0,0
b4474,0,0
b4475,0,0
b4476,0,0
b4477,0,0
b4478,0,0
b4479,0,0
b4480,0,0
b4481,0,1
b4482,0,0
b4483,0,0
b4484,0,0
b4485,0,0
b4486,1,1
b4487,0,1
b4488,0,0
b4489,0,0
b4490,0,0
b4491,1,1
b4492,1,1
b4493,0,0
b4494,0,0
b4495,1,1
b4496,0,0
b4497,0,1
b4498,1,1
b4499,0,1
b4500,0,1
b4501,0,1
b4502,0,0
b4503,0,0
b4504,1,1
b4505,1,1
b4506,1,1
b4508,1,1
b4509,1,1
b4510,1,1
b4511,0,0
b4512,0,0
b4513,0,0
b4514,1,1
b4515,0,0
b4516,1,1
b4517,0,0
b4518,0,0
b4519,1,1
b4520,1,1
b4521,0,0
b4522,0,0
b4523,0,0
b4524,0,0
b4525,1,1
b4526,1,1
b4527,1,1
b4528,1,1
b4529,1,1
b4532,0,1
b4533,1,1
b4535,0,0
b4536,0,0
b4537,0,0
b4538,1,1
b4539,0,0
b4541,0,1
b4542,0,1
b4543,0,0
b4544,0,0
b4545,0,1
b4546,0,0
b4547,0,0
b4548,1,1
b4550,0,0
b4551,0,0
b4552,1,1
b4553,0,0
b4554,0,0
b4555,0,0
b4556,0,0
b4557,0,0
b4558,0,0
b4559,0,0
b4561,1,1
b4565,1,1
b4566,1,1
b4567,0,0
b4568,0,0
b4569,1,1
b4570,1,1
b4571,1,1
b4572,0,0
b4573,0,0
b4576,1,1
b4577,0,0
b4578,0,1
b4579,1,1
b4580,1,1
b4581,0,0
b4582,1,1
b4585,0,0
b4586,0,0
b4587,1,1
b4588,1,1
b4589,1,1
b4590,0,0
b4592,0,0
b4593,1,1
b4594,0,0
b4595,0,0
b4596,0,0
b4597,0,0
b4598,0,0
b4599,0,0
b4600,1,0
b4601,0,0
b4602,0,0
b4603,0,0
b4606,0,0
b4608,0,0
b4609,0,0
b4611,0,0
b4613,0,0
b4614,0,0
b4615,1,1
b4616,0,0
b4618,0,0
b4620,0,0
b4621,0,0
b4622,0,1
b4623,1,1
b4624,1,1
b4625,1,1
b4626,0,0
b4627,1,1
b4628,1,1
b4629,1,1
b4630,1,1
b4631,1,1
b4632,1,1
b4633,1,1
b4634,1,1
b4635,1,1
b4636,0,0
b4637,0,0
b4638,1,1
b4639,0,0
b4640,1,1
b4641,1,1
b4642,1,1
b4643,0,1
b4644,1,1
b4645,1,1
b4646,0,0
b4647,0,0
b4648,0,1
b4649,0,1
b4650,1,1
b4651,1,1
b4652,1,1
b4653,0,0
b4654,0,0
b4655,1,1
b4656,1,1
b4657,1,1
b4658,0,0
b4659,0,0
b4660,0,0
b4661,0,0
b4662,0,0
b4663,0,0
b4664,0,0
b4665,0,0
b4666,0,0
b4667,0,0
b4668,0,0
b4669,0,0
b4670,0,0
b4671,1,1
b4672,0,0
b4673,1,1
b4674,1,1
b4675,0,0
b4676,0,0
b4677,0,0
b4678,0,0
b4679,0,0
b4680,0,0
b4682,0,0
b4683,0,0
b4684,0,0
b4685,0,0
b4686,0,0
b4687,0,0
b4688,1,1
b4689,1,1
b4690,1,1
b4691,0,0
b4692,1,1
b4693,1,1
b4694,1,1
b4695,1,1
b4696,0,0
b4697,0,0
b4698,0,0
b4699,1,1
b4700,1,1
b4701,0,0
b4702,0,0
b4703,0,0
b4704,0,0
b4705,0,0
b4706,0,0
b4707,0,0
b4708,1,1
b4709,0,0
b4710,0,0
b4711,0,0
b4712,0,0
b4713,0,0
,724,
